"","species","D734Y","D621NM","G541NB","G541N","G624YB","G624YM","G541NM","D621N","D621NB","D734YB","D734YM","G624Y"
"megahit_2886223","Acidobacterium capsulatum",145214,11937,348,579,272,620,92,56639,12388,15705,4138,329
"megahit_637816","Burkholderia gladioli",187,6005,63137,292,20882,24459,18606,74,5331,1809,8940,139
"megahit_18277","Corallococcus coralloides",1127,20503,83062,367,58906,70573,52934,268,18394,4810,25761,709
"megahit_388636","Corynebacterium durum",0,0,26,0,14,14,131,2,4,4,281,0
"megahit_1052959","Cutibacterium acnes",3409,54038,291805,1270,160815,76164,406785,949,40580,29014,455116,1029
"megahit_557764","Cutibacterium granulosum",62,1094,4336,26,3076,1478,9415,30,1034,530,9814,20
"megahit_405535","Lawsonella clevelandensis",1087,7558,35364,198,25106,11351,81036,157,7670,6771,68781,168
"megahit_1348963","Marmoricola scoriae",134160,10995,13454,754,3973,4485,4661,913,15768,53721,38900,1564
"megahit_3083203","Massilia oculi",748,369,470185,3128,10256,7702,15292,297,249010,297,3343,1106
"megahit_1844896","Nocardia farcinica",81655,8916,680,2409,1789,1379,304,44225,11940,12089,5307,2997
"megahit_2742346","Paraburkholderia caffeinilytica",2053,66347,251197,531,197362,227369,180919,661,55675,14283,94177,615
"megahit_1238731","Pseudomonas yamanorum",1755,45293,197015,817,137226,162013,133065,666,39436,16670,66875,572
"megahit_3102385","Ralstonia pickettii",16754,531043,2011040,4032,1450074,1763569,1308521,5574,468018,127981,681369,4368
"megahit_1319464","Staphylococcus capitis",231,3302,11991,46,8604,3170,22658,49,2177,1433,28856,62
"megahit_1552897","Staphylococcus epidermidis",90,1495,5371,48,3438,1249,9400,30,1260,569,11768,24
"megahit_2762641","Unclassified Acidobacteria",79777,17193,46908,689,34090,42527,33004,21482,17116,11625,20796,613
"megahit_1505494","Unclassified Acidovorax",208,5705,23216,24,16347,19688,14677,45,5262,1619,7202,32
"megahit_2575537","Unclassified Acinetobacter",4,26,203,0,208,96,104,4,42,156,150,0
"megahit_1962874","Unclassified Actinomyces",4,14,20,4,40,10,327,0,7,54,516,0
"megahit_561775","Unclassified Alphaproteobacteria",205,4,22,78,14,7,6,9,80,8,46,73
"megahit_2819045","Unclassified Archaea",33,2,80,85,1046,1723,36,16,7,0,4,474
"megahit_2923267","Unclassified Arthrobacter",29,67,97,23,196,165,24,38,188,58,56,24
"megahit_864108","Unclassified Ascomycota",0,0,60,50,2,16,14,0,2,0,0,487
"megahit_3373558","Unclassified Bacillales",8,210,916,0,546,286,1180,2,252,110,2997,8
"megahit_1683277","Unclassified Bacilli",20,403,1838,16,1107,361,2598,4,400,156,3475,8
"megahit_1773184","Unclassified Bacteria",212071,92995,89690,251588,80983,109299,73127,77413,127780,41687,104312,35739
"megahit_2448739","Unclassified Bacteroidetes",146,2138,10495,38,6973,7839,5938,14,2251,781,3124,126
"megahit_367516","Unclassified Betaproteobacteria",912,16,12418,48,2255,783,451,84,6,132,304,10
"megahit_2721598","Unclassified Blastococcus",0,45,0,0,0,0,2,2,62,0,0,0
"megahit_2922943","Unclassified Bradyrhizobium",12,0,13,34,20,10,20,4,0,0,4,42
"megahit_100621","Unclassified Candidatus Rokubacteria",8193,164,46,65,48,84,38,333,120,1501,2943,40
"megahit_2612857","Unclassified Candidatus Saccharibacteria",728,44405,60,6,34,207,14,682,66118,7409,1184,0
"megahit_838441","Unclassified Chitinophagaceae",0,28,190,6,80,103,68,0,26,0,22,10
"megahit_1940764","Unclassified Chloroflexi",241821,37823,4887,23739,35219,105377,4433,170109,70845,25842,21611,46936
"megahit_2765308","Unclassified Chloroflexia",66,2,44,62,36,14,20,17,0,22,10,70
"megahit_2803171","Unclassified Corynebacteriales",6,0,54,36,928,679,22,0,0,0,0,10
"megahit_2254810","Unclassified Corynebacterium",14,160,664,6,460,209,1295,0,203,205,1623,6
"megahit_1854334","Unclassified Cutibacterium",22,378,2094,14,1280,604,3759,10,346,102,3601,4
"megahit_1757743","Unclassified Cyanobacteria",2,0,0,8,24,48,4,0,0,0,0,131
"megahit_1049302","Unclassified Dehalococcoidia",2709,1382,0,2,0,12,4,1045,1025,516,1169,0
"megahit_1451119","Unclassified Firmicutes",2327,98,44,6,54,52,12,186,174,752,260,0
"megahit_2084305","Unclassified Gammaproteobacteria",122,176,2762,42,1372,478,1705,28,63,42,569,10
"megahit_370078","Unclassified Gemmatimonadetes",5284,523,74,192,132,102,46,2524,558,913,308,195
"megahit_1888285","Unclassified Geodermatophilaceae",66,110,0,0,0,2,0,21,184,52,22,0
"megahit_3357937","Unclassified Hymenobacter",0,0,298,2,0,0,0,0,0,0,0,0
"megahit_1596373","Unclassified Intrasporangiaceae",0,6,59,6,169,103,26,2,16,0,8,26
"megahit_2099476","Unclassified Kineosporiaceae",396,0,0,2,0,0,2,0,0,136,22,0
"megahit_1849375","Unclassified Microbacteriaceae",0,372,26,0,20,14,10,24,1546,0,6,2
"megahit_1742281","Unclassified Microbacterium",56,17767,242,85,247,228,236,892,56938,162,214,118
"megahit_183619","Unclassified Micrococcaceae",0,34,10,0,38,78,0,14,113,0,6,26
"megahit_1905457","Unclassified Micrococcales",67,178,78,8,282,279,14,6,602,0,16,22
"megahit_2661817","Unclassified Mycobacteriaceae",48,4,24,4,438,895,12,0,4,14,2,20
"megahit_3033959","Unclassified Nitrosopumilales",3495,286,42,28,436,599,24,596,372,302,532,259
"megahit_3577807","unclassified Nocardioides",445,8759,3007,60,192,270,984,287,14069,1219,529,26
"megahit_1221652","Unclassified Nocardioides",33892,1020575,150094,3185,22248,33029,46763,34185,1397657,192642,71175,1706
"megahit_2572378","Unclassified Nostoc",0,0,0,2,16,2,2,0,0,6,0,702
"megahit_1794226","Unclassified Nostocales",0,0,4,38,44,240,10,2,0,0,0,641
"megahit_442960","Unclassified Phycicoccus",0,0,33,4,182,98,12,0,2,0,0,6
"megahit_1667869","Unclassified Planctomycetes",174,0,0,0,0,0,0,2,0,18,40,0
"megahit_1934350","Unclassified Protaetiibacter",413567,137405,95363,396147,150521,264515,43896,105183,227701,82453,62089,183706
"megahit_3398728","Unclassified Pseudonocardiales",0,0,0,0,34,33,0,0,0,0,0,18
"megahit_3182149","Unclassified Pyrinomonadaceae",0,0,0,0,6,0,0,0,0,0,0,32
"megahit_411283","Unclassified Rhizobiales",154,8,22,72,8,346,6,32,4,2,16,0
"megahit_2251561","Unclassified Rhodococcus",191,1990,7628,110,104368,84380,5202,83,2882,496,2664,2688
"megahit_2502010","Unclassified Rubrobacteraceae",105,0,0,0,0,0,4,28,0,62,2,0
"megahit_2323795","Unclassified Solirubrobacterales",55,6,0,2,0,0,2,16,25,42,6,0
"megahit_282685","Unclassified Sphingomonas",0,0,10,10,80,162,10,0,0,0,0,20
"megahit_1779772","Unclassified Sporichthyaceae",169,26,0,4,0,0,2,64,53,21,10,0
"megahit_2464585","Unclassified Streptococcus",0,6,54,0,587,28,208,0,2,10,216,0
"megahit_3433417","Unclassified Streptomyces",244,60,4,0,14,95,0,62,58,40,38,2
"megahit_2314637","Unclassified Thaumarchaeota",3930,370,1586,713,26696,38907,1301,708,438,456,705,13411
"megahit_1081615","Unclassified Thermoanaerobaculia",17749,1325,10,48,64,58,14,2095,1361,1322,1166,32
"megahit_845686","Unclassified Thermoleophilaceae",6888,554,43,172,144,265,24,1587,1427,1084,1014,184
"megahit_150007","Unclassified Thermoleophilales",931,80,6,12,10,12,10,168,162,176,112,14
"megahit_1053022","Unclassified Thermoleophilia",786,68,30,91,18,62,4,173,158,168,106,35
"megahit_317371","Unclassified Verrucomicrobia",8038,141,2345,27473,5398,3896,3314,1353,178,102,170,50781
