"","x"
"1","megahit_445711"
"2","megahit_247747"
"3","megahit_2847640"
"4","megahit_271993"
"5","megahit_1580698"
"6","megahit_2174125"
"7","megahit_729466"
"8","megahit_367516"
"9","megahit_482155"
"10","megahit_252724"
"11","megahit_3349495"
"12","megahit_2606059"
"13","megahit_349792"
"14","megahit_2260471"
"15","megahit_1367191"
"16","megahit_388636"
"17","megahit_2589520"
"18","megahit_3541057"
"19","megahit_378741"
"20","megahit_3568171"
"21","megahit_1844896"
"22","megahit_2099476"
"23","megahit_2624199"
"24","megahit_443779"
"25","megahit_2004760"
"26","megahit_1664191"
"27","megahit_1564705"
"28","megahit_1878109"
"29","megahit_758470"
"30","megahit_1605386"
"31","megahit_3119611"
"32","megahit_2425633"
"33","megahit_224416"
"34","megahit_527164"
"35","megahit_593293"
"36","megahit_9580"
"37","megahit_178483"
"38","megahit_85120"
"39","megahit_942763"
"40","megahit_1972171"
"41","megahit_2683407"
"42","megahit_671866"
"43","megahit_1793116"
"44","megahit_1097356"
"45","megahit_1799818"
"46","megahit_492154"
"47","megahit_2537785"
"48","megahit_2648431"
"49","megahit_1814356"
"50","megahit_2719545"
"51","megahit_2448185"
"52","megahit_3493519"
"53","megahit_2285305"
"54","megahit_2887309"
"55","megahit_982891"
"56","megahit_3575254"
"57","megahit_2820463"
"58","megahit_3498022"
"59","megahit_1274716"
"60","megahit_2679895"
"61","megahit_1625764"
"62","megahit_2461474"
"63","megahit_3514621"
"64","megahit_310238"
"65","megahit_2722378"
"66","megahit_2119783"
"67","megahit_1985878"
"68","megahit_864108"
"69","megahit_2118114"
"70","megahit_3373558"
"71","megahit_2358919"
"72","megahit_131470"
"73","megahit_3174352"
"74","megahit_738802"
"75","megahit_2144332"
"76","megahit_1424239"
"77","megahit_2721598"
"78","megahit_2922943"
"79","megahit_1033900"
"80","megahit_2439070"
"81","megahit_2494192"
"82","megahit_2649871"
"83","megahit_1036557"
"84","megahit_1578667"
"85","megahit_1122421"
"86","megahit_3329185"
"87","megahit_2069476"
"88","megahit_952234"
"89","megahit_18298"
"90","megahit_485478"
"91","megahit_1425216"
"92","megahit_1528867"
"93","megahit_2781196"
"94","megahit_1882819"
"95","megahit_2257117"
"96","megahit_2849290"
"97","megahit_545956"
"98","megahit_1854334"
"99","megahit_1757743"
"100","megahit_652138"
"101","megahit_3140500"
"102","megahit_3572434"
"103","megahit_230136"
"104","megahit_1412350"
"105","megahit_2423902"
"106","megahit_1579638"
"107","megahit_640474"
"108","megahit_303283"
"109","megahit_3272254"
"110","megahit_1309312"
"111","megahit_2084305"
"112","megahit_195850"
"113","megahit_2300455"
"114","megahit_3301006"
"115","megahit_544306"
"116","megahit_3521863"
"117","megahit_2136061"
"118","megahit_3357937"
"119","megahit_2546806"
"120","megahit_1596373"
"121","megahit_867424"
"122","megahit_843061"
"123","megahit_2049745"
"124","megahit_1449003"
"125","megahit_2701876"
"126","megahit_2943982"
"127","megahit_2817172"
"128","megahit_1921015"
"129","megahit_1849375"
"130","megahit_2837239"
"131","megahit_2151454"
"132","megahit_300040"
"133","megahit_2657217"
"134","megahit_959638"
"135","megahit_690124"
"136","megahit_3296161"
"137","megahit_1352305"
"138","megahit_1848686"
"139","megahit_1936391"
"140","megahit_1356494"
"141","megahit_3032300"
"142","megahit_3146768"
"143","megahit_1880671"
"144","megahit_3412945"
"145","megahit_372487"
"146","megahit_2126653"
"147","megahit_2513689"
"148","megahit_2980801"
"149","megahit_3131506"
"150","megahit_2157292"
"151","megahit_2068480"
"152","megahit_3256267"
"153","megahit_442960"
"154","megahit_1667869"
"155","megahit_491158"
"156","megahit_1338982"
"157","megahit_1833937"
"158","megahit_3295525"
"159","megahit_3398728"
"160","megahit_3182149"
"161","megahit_1061578"
"162","megahit_235693"
"163","megahit_3540976"
"164","megahit_1154851"
"165","megahit_2502010"
"166","megahit_1729978"
"167","megahit_2323795"
"168","megahit_1153975"
"169","megahit_2205919"
"170","megahit_1603420"
"171","megahit_2659120"
"172","megahit_282685"
"173","megahit_1779772"
"174","megahit_3446062"
"175","megahit_2464585"
"176","megahit_3433417"
"177","megahit_2106373"
"178","megahit_1803425"
"179","megahit_30406"
"180","megahit_213634"
"181","megahit_726256"
"182","megahit_1053022"
"183","megahit_1269193"
"184","megahit_2529441"
"185","megahit_3457959"
"186","megahit_886846"
"187","megahit_1971559"
"188","megahit_432268"
"189","megahit_2912680"
"190","megahit_1635231"
"191","megahit_1908175"
"192","megahit_3063526"
"193","megahit_1624900"
