"","sort.rowSums.model_StARS.igraph....0.."
"Unclassified Acidobacteria",1
"Unclassified Arthrobacter",1
"Unclassified Bacteria",1
"Unclassified Gammaproteobacteria",1
"Unclassified Hymenobacter",1
"Unclassified Micrococcaceae",1
"Unclassified Micrococcales",1
"Unclassified Protaetiibacter",1
"Unclassified Rhizobiales",1
"Corynebacterium durum",2
"Unclassified Alphaproteobacteria",2
"Marmoricola scoriae",3
"Massilia oculi",3
"Unclassified Actinomyces",3
"Unclassified Intrasporangiaceae",3
"Unclassified Pyrinomonadaceae",3
"Unclassified Acinetobacter",4
"Unclassified Blastococcus",4
"Unclassified Bradyrhizobium",4
"Unclassified Chitinophagaceae",4
"Unclassified Chloroflexia",4
"Unclassified Rhodococcus",4
"Unclassified Betaproteobacteria",5
"Unclassified Chloroflexi",5
"Unclassified Microbacteriaceae",5
"Unclassified Microbacterium",5
"Unclassified Mycobacteriaceae",5
"unclassified Nocardioides",5
"Corallococcus coralloides",6
"Unclassified Nocardioides",6
"Unclassified Phycicoccus",6
"Unclassified Pseudonocardiales",6
"Unclassified Streptomyces",6
"Unclassified Bacteroidetes",7
"Unclassified Geodermatophilaceae",7
"Unclassified Nitrosopumilales",7
"Unclassified Sphingomonas",7
"Unclassified Thermoleophilia",7
"Unclassified Ascomycota",8
"Unclassified Nostoc",9
"Unclassified Solirubrobacterales",9
"Unclassified Cyanobacteria",10
"Unclassified Firmicutes",10
"Unclassified Planctomycetes",10
"Unclassified Thaumarchaeota",10
"Unclassified Candidatus Rokubacteria",11
"Unclassified Kineosporiaceae",11
"Unclassified Corynebacteriales",12
"Burkholderia gladioli",13
"Unclassified Rubrobacteraceae",13
"Unclassified Sporichthyaceae",13
"Unclassified Thermoleophilales",13
"Lawsonella clevelandensis",14
"Pseudomonas yamanorum",14
"Staphylococcus epidermidis",14
"Unclassified Archaea",14
"Unclassified Bacilli",14
"Unclassified Gemmatimonadetes",14
"Unclassified Thermoleophilaceae",14
"Cutibacterium granulosum",15
"Staphylococcus capitis",15
"Unclassified Streptococcus",15
"Cutibacterium acnes",16
"Unclassified Cutibacterium",17
"Unclassified Nostocales",17
"Unclassified Corynebacterium",18
"Unclassified Bacillales",19
"Nocardia farcinica",20
"Ralstonia pickettii",20
"Paraburkholderia caffeinilytica",21
"Unclassified Acidovorax",22
"Unclassified Thermoanaerobaculia",23
"Unclassified Verrucomicrobia",23
"Unclassified Candidatus Saccharibacteria",25
"Unclassified Dehalococcoidia",28
"Acidobacterium capsulatum",31
