"","superkingdom","phylum","class","order","family","genus","species","row.names"
"megahit_2886223","Bacteria","Acidobacteria","Acidobacteriia","Acidobacteriales","Acidobacteriacea","Acidobacterium","Acidobacterium capsulatum","megahit_2886223"
"megahit_637816","Bacteria","Proteobacteria","Betaproteobacteria","Burkholderiales","Burkholderiaceae","Burkholderia","Burkholderia gladioli","megahit_637816"
"megahit_18277","Bacteria","Proteobacteria","Deltaproteobacteria","Myxococcales","Myxococcaceae","Corallococcus","Corallococcus coralloides","megahit_18277"
"megahit_388636","Bacteria","Actinobacteria","Unclassified Actinobacteria","Unclassified Corynebacteriales","Unclassified Corynebacteriaceae","Unclassified Corynebacterium","Corynebacterium durum","megahit_388636"
"megahit_1052959","Bacteria","Actinobacteria","Actinobacteria","Propionibacteriales","Propionibacteriaceae","Cutibacterium","Cutibacterium acnes","megahit_1052959"
"megahit_557764","Bacteria","Actinobacteria","Unclassified Actinobacteria","Unclassified Propionibacteriales","Unclassified Propionibacteriaceae","Unclassified Cutibacterium","Cutibacterium granulosum","megahit_557764"
"megahit_405535","Bacteria","Actinobacteria","Actinobacteria","Corynebacteriales","Lawsonellaceae","Lawsonella","Lawsonella clevelandensis","megahit_405535"
"megahit_1348963","Bacteria","Actinobacteria","Actinobacteria","Propionibacteriales","Nocardioidaceae","Marmoricola","Marmoricola scoriae","megahit_1348963"
"megahit_3083203","Bacteria","Proteobacteria","Betaproteobacteria","Burkholderiales","Oxalobacteraceae","Massilia","Massilia oculi","megahit_3083203"
"megahit_1844896","Bacteria","Actinobacteria","Actinomycetia","Corynebacteriales","Nocardiaceae","Nocardia","Nocardia farcinica","megahit_1844896"
"megahit_2742346","Bacteria","Proteobacteria","Betaproteobacteria","Burkholderiales","Burkholderiaceae","Paraburkholderia","Paraburkholderia caffeinilytica","megahit_2742346"
"megahit_1238731","Bacteria","Proteobacteria","Gammaproteobacteria","Pseudomonadales","Pseudomonadaceae","Pseudomonas","Pseudomonas yamanorum","megahit_1238731"
"megahit_3102385","Bacteria","Proteobacteria","Betaproteobacteria","Burkholderiales","Burkholderiaceae","Ralstonia","Ralstonia pickettii","megahit_3102385"
"megahit_1319464","Bacteria","Firmicutes","Bacilli","Bacillales","Staphylococcaceae","Staphylococcus","Staphylococcus capitis","megahit_1319464"
"megahit_1552897","Bacteria","Firmicutes","Unclassified Bacilli","Unclassified Bacillales","Unclassified Staphylococcaceae","Unclassified Staphylococcus","Staphylococcus epidermidis","megahit_1552897"
"megahit_2762641","Bacteria","Acidobacteria","Unclassified Acidobacteria","Unclassified Acidobacteria","Unclassified Acidobacteria","Unclassified Acidobacteria","Unclassified Acidobacteria","megahit_2762641"
"megahit_1505494","Bacteria","Proteobacteria","Unclassified Betaproteobacteria","Unclassified Burkholderiales","Unclassified Comamonadaceae","Unclassified Acidovorax","Unclassified Acidovorax","megahit_1505494"
"megahit_2575537","Bacteria","Proteobacteria","Unclassified Gammaproteobacteria","Unclassified Pseudomonadales","Unclassified Moraxellaceae","Unclassified Acinetobacter","Unclassified Acinetobacter","megahit_2575537"
"megahit_1962874","Bacteria","Actinobacteria","Unclassified Actinobacteria","Unclassified Actinomycetales","Unclassified Actinomycetaceae","Unclassified Actinomyces","Unclassified Actinomyces","megahit_1962874"
"megahit_561775","Bacteria","Proteobacteria","Unclassified Alphaproteobacteria","Unclassified Alphaproteobacteria","Unclassified Alphaproteobacteria","Unclassified Alphaproteobacteria","Unclassified Alphaproteobacteria","megahit_561775"
"megahit_2819045","Archaea","Unclassified Archaea","Unclassified Archaea","Unclassified Archaea","Unclassified Archaea","Unclassified Archaea","Unclassified Archaea","megahit_2819045"
"megahit_2923267","Bacteria","Actinobacteria","Unclassified Actinobacteria","Unclassified Micrococcales","Unclassified Micrococcaceae","Unclassified Arthrobacter","Unclassified Arthrobacter","megahit_2923267"
"megahit_864108","Eukaryota","Ascomycota","Unclassified Ascomycota","Unclassified Ascomycota","Unclassified Ascomycota","Unclassified Ascomycota","Unclassified Ascomycota","megahit_864108"
"megahit_3373558","Bacteria","Firmicutes","Unclassified Bacilli","Unclassified Bacillales","Unclassified Bacillales","Unclassified Bacillales","Unclassified Bacillales","megahit_3373558"
"megahit_1683277","Bacteria","Firmicutes","Unclassified Bacilli","Unclassified Bacilli","Unclassified Bacilli","Unclassified Bacilli","Unclassified Bacilli","megahit_1683277"
"megahit_1773184","Bacteria","Unclassified Bacteria","Unclassified Bacteria","Unclassified Bacteria","Unclassified Bacteria","Unclassified Bacteria","Unclassified Bacteria","megahit_1773184"
"megahit_2448739","Bacteria","Bacteroidetes","Unclassified Bacteroidetes","Unclassified Bacteroidetes","Unclassified Bacteroidetes","Unclassified Bacteroidetes","Unclassified Bacteroidetes","megahit_2448739"
"megahit_367516","Bacteria","Proteobacteria","Unclassified Betaproteobacteria","Unclassified Betaproteobacteria","Unclassified Betaproteobacteria","Unclassified Betaproteobacteria","Unclassified Betaproteobacteria","megahit_367516"
"megahit_2721598","Bacteria","Actinobacteria","Unclassified Actinobacteria","Unclassified Geodermatophilales","Unclassified Geodermatophilaceae","Unclassified Blastococcus","Unclassified Blastococcus","megahit_2721598"
"megahit_2922943","Bacteria","Proteobacteria","Unclassified Alphaproteobacteria","Unclassified Rhizobiales","Unclassified Bradyrhizobiaceae","Unclassified Bradyrhizobium","Unclassified Bradyrhizobium","megahit_2922943"
"megahit_100621","Bacteria","Candidatus Rokubacteria","Unclassified Candidatus Rokubacteria","Unclassified Candidatus Rokubacteria","Unclassified Candidatus Rokubacteria","Unclassified Candidatus Rokubacteria","Unclassified Candidatus Rokubacteria","megahit_100621"
"megahit_2612857","Bacteria","Candidatus Saccharibacteria","Unclassified Candidatus Saccharibacteria","Unclassified Candidatus Saccharibacteria","Unclassified Candidatus Saccharibacteria","Unclassified Candidatus Saccharibacteria","Unclassified Candidatus Saccharibacteria","megahit_2612857"
"megahit_838441","Bacteria","Bacteroidetes","Unclassified Chitinophagia","Unclassified Chitinophagales","Unclassified Chitinophagaceae","Unclassified Chitinophagaceae","Unclassified Chitinophagaceae","megahit_838441"
"megahit_1940764","Bacteria","Chloroflexi","Unclassified Chloroflexi","Unclassified Chloroflexi","Unclassified Chloroflexi","Unclassified Chloroflexi","Unclassified Chloroflexi","megahit_1940764"
"megahit_2765308","Bacteria","Chloroflexi","Unclassified Chloroflexia","Unclassified Chloroflexia","Unclassified Chloroflexia","Unclassified Chloroflexia","Unclassified Chloroflexia","megahit_2765308"
"megahit_2803171","Bacteria","Actinobacteria","Unclassified Actinobacteria","Unclassified Corynebacteriales","Unclassified Corynebacteriales","Unclassified Corynebacteriales","Unclassified Corynebacteriales","megahit_2803171"
"megahit_2254810","Bacteria","Actinobacteria","Unclassified Actinobacteria","Unclassified Corynebacteriales","Unclassified Corynebacteriaceae","Unclassified Corynebacterium","Unclassified Corynebacterium","megahit_2254810"
"megahit_1854334","Bacteria","Actinobacteria","Unclassified Actinobacteria","Unclassified Propionibacteriales","Unclassified Propionibacteriaceae","Unclassified Cutibacterium","Unclassified Cutibacterium","megahit_1854334"
"megahit_1757743","Bacteria","Cyanobacteria","Unclassified Cyanobacteria","Unclassified Cyanobacteria","Unclassified Cyanobacteria","Unclassified Cyanobacteria","Unclassified Cyanobacteria","megahit_1757743"
"megahit_1049302","Bacteria","Chloroflexi","Unclassified Dehalococcoidia","Unclassified Dehalococcoidia","Unclassified Dehalococcoidia","Unclassified Dehalococcoidia","Unclassified Dehalococcoidia","megahit_1049302"
"megahit_1451119","Bacteria","Firmicutes","Unclassified Firmicutes","Unclassified Firmicutes","Unclassified Firmicutes","Unclassified Firmicutes","Unclassified Firmicutes","megahit_1451119"
"megahit_2084305","Bacteria","Proteobacteria","Unclassified Gammaproteobacteria","Unclassified Gammaproteobacteria","Unclassified Gammaproteobacteria","Unclassified Gammaproteobacteria","Unclassified Gammaproteobacteria","megahit_2084305"
"megahit_370078","Bacteria","Gemmatimonadetes","Unclassified Gemmatimonadetes","Unclassified Gemmatimonadetes","Unclassified Gemmatimonadetes","Unclassified Gemmatimonadetes","Unclassified Gemmatimonadetes","megahit_370078"
"megahit_1888285","Bacteria","Actinobacteria","Unclassified Actinobacteria","Unclassified Geodermatophilales","Unclassified Geodermatophilaceae","Unclassified Geodermatophilaceae","Unclassified Geodermatophilaceae","megahit_1888285"
"megahit_3357937","Bacteria","Bacteroidetes","Unclassified Cytophagia","Unclassified Cytophagales","Unclassified Hymenobacteraceae","Unclassified Hymenobacter","Unclassified Hymenobacter","megahit_3357937"
"megahit_1596373","Bacteria","Actinobacteria","Unclassified Actinobacteria","Unclassified Micrococcales","Unclassified Intrasporangiaceae","Unclassified Intrasporangiaceae","Unclassified Intrasporangiaceae","megahit_1596373"
"megahit_2099476","Bacteria","Actinobacteria","Unclassified Actinobacteria","Unclassified Kineosporiales","Unclassified Kineosporiaceae","Unclassified Kineosporiaceae","Unclassified Kineosporiaceae","megahit_2099476"
"megahit_1849375","Bacteria","Actinobacteria","Unclassified Actinobacteria","Unclassified Micrococcales","Unclassified Microbacteriaceae","Unclassified Microbacteriaceae","Unclassified Microbacteriaceae","megahit_1849375"
"megahit_1742281","Bacteria","Actinobacteria","Unclassified Actinobacteria","Unclassified Micrococcales","Unclassified Microbacteriaceae","Unclassified Microbacterium","Unclassified Microbacterium","megahit_1742281"
"megahit_183619","Bacteria","Actinobacteria","Unclassified Actinobacteria","Unclassified Micrococcales","Unclassified Micrococcaceae","Unclassified Micrococcaceae","Unclassified Micrococcaceae","megahit_183619"
"megahit_1905457","Bacteria","Actinobacteria","Unclassified Actinobacteria","Unclassified Micrococcales","Unclassified Micrococcales","Unclassified Micrococcales","Unclassified Micrococcales","megahit_1905457"
"megahit_2661817","Bacteria","Actinobacteria","Unclassified Actinobacteria","Unclassified Corynebacteriales","Unclassified Mycobacteriaceae","Unclassified Mycobacteriaceae","Unclassified Mycobacteriaceae","megahit_2661817"
"megahit_3033959","Archaea","Thaumarchaeota","Unclassified Nitrosopumilales (no class in NCBI)","Unclassified Nitrosopumilales","Unclassified Nitrosopumilales archaeon (no family in NCBI)","Unclassified Nitrosopumilales","Unclassified Nitrosopumilales","megahit_3033959"
"megahit_3577807","Bacteria","Actinobacteria","Actinomycetia","Propionibacteriales","Nocardioidaceae","Nocardioides","unclassified Nocardioides","megahit_3577807"
"megahit_1221652","Bacteria","Actinobacteria","Unclassified Actinobacteria","Unclassified Propionibacteriales","Unclassified Nocardioidaceae","Unclassified Nocardioides","Unclassified Nocardioides","megahit_1221652"
"megahit_2572378","Bacteria","Cyanobacteria","Unclassified Nostocales (no class in NCBI)","Unclassified Nostocales","Unclassified Nostocaceae","Unclassified Nostoc","Unclassified Nostoc","megahit_2572378"
"megahit_1794226","Bacteria","Cyanobacteria","Unclassified Nostocales (no class in NCBI)","Unclassified Nostocales","Unclassified Nostocales","Unclassified Nostocales","Unclassified Nostocales","megahit_1794226"
"megahit_442960","Bacteria","Actinobacteria","Unclassified Actinobacteria","Unclassified Micrococcales","Unclassified Intrasporangiaceae","Unclassified Phycicoccus","Unclassified Phycicoccus","megahit_442960"
"megahit_1667869","Bacteria","Planctomycetes","Unclassified Planctomycetes","Unclassified Planctomycetes","Unclassified Planctomycetes","Unclassified Planctomycetes","Unclassified Planctomycetes","megahit_1667869"
"megahit_1934350","Bacteria","Actinobacteria","Actinomycetia","Micrococcales","Microbacteriaceae","Protaetiibacter","Unclassified Protaetiibacter","megahit_1934350"
"megahit_3398728","Bacteria","Actinobacteria","Unclassified Actinobacteria","Unclassified Pseudonocardiales","Unclassified Pseudonocardiales","Unclassified Pseudonocardiales","Unclassified Pseudonocardiales","megahit_3398728"
"megahit_3182149","Bacteria","Acidobacteria","Unclassified Blastocatellia","Unclassified Blastocatellales","Unclassified Pyrinomonadaceae","Unclassified Pyrinomonadaceae","Unclassified Pyrinomonadaceae","megahit_3182149"
"megahit_411283","Bacteria","Proteobacteria","Unclassified Alphaproteobacteria","Unclassified Rhizobiales","Unclassified Rhizobiales","Unclassified Rhizobiales","Unclassified Rhizobiales","megahit_411283"
"megahit_2251561","Bacteria","Actinobacteria","Unclassified Actinobacteria","Unclassified Corynebacteriales","Unclassified Nocardiaceae","Unclassified Rhodococcus","Unclassified Rhodococcus","megahit_2251561"
"megahit_2502010","Bacteria","Actinobacteria","Unclassified Rubrobacteria","Unclassified Rubrobacterales","Unclassified Rubrobacteraceae","Unclassified Rubrobacteraceae","Unclassified Rubrobacteraceae","megahit_2502010"
"megahit_2323795","Bacteria","Actinobacteria","Unclassified Thermoleophilia","Unclassified Solirubrobacterales","Unclassified Solirubrobacterales","Unclassified Solirubrobacterales","Unclassified Solirubrobacterales","megahit_2323795"
"megahit_282685","Bacteria","Proteobacteria","Unclassified Alphaproteobacteria","Unclassified Sphingomonadales","Unclassified Sphingomonadaceae","Unclassified Sphingomonas","Unclassified Sphingomonas","megahit_282685"
"megahit_1779772","Bacteria","Actinobacteria","Unclassified Actinobacteria","Unclassified Sporichthyales","Unclassified Sporichthyaceae","Unclassified Sporichthyaceae","Unclassified Sporichthyaceae","megahit_1779772"
"megahit_2464585","Bacteria","Firmicutes","Unclassified Bacilli","Unclassified Lactobacillales","Unclassified Streptococcaceae","Unclassified Streptococcus","Unclassified Streptococcus","megahit_2464585"
"megahit_3433417","Bacteria","Actinobacteria","Unclassified Actinobacteria","Unclassified Streptomycetales","Unclassified Streptomycetaceae","Unclassified Streptomyces","Unclassified Streptomyces","megahit_3433417"
"megahit_2314637","Archaea","Thaumarchaeota","Unclassified Thaumarchaeota","Unclassified Thaumarchaeota","Unclassified Thaumarchaeota","Unclassified Thaumarchaeota","Unclassified Thaumarchaeota","megahit_2314637"
"megahit_1081615","Bacteria","Acidobacteria","Unclassified Thermoanaerobaculia","Unclassified Thermoanaerobaculia","Unclassified Thermoanaerobaculia","Unclassified Thermoanaerobaculia","Unclassified Thermoanaerobaculia","megahit_1081615"
"megahit_845686","Bacteria","Actinobacteria","Unclassified Thermoleophilia","Unclassified Thermoleophilales","Unclassified Thermoleophilaceae","Unclassified Thermoleophilaceae","Unclassified Thermoleophilaceae","megahit_845686"
"megahit_150007","Bacteria","Actinobacteria","Unclassified Thermoleophilia","Unclassified Thermoleophilales","Unclassified Thermoleophilales","Unclassified Thermoleophilales","Unclassified Thermoleophilales","megahit_150007"
"megahit_1053022","Bacteria","Actinobacteria","Unclassified Thermoleophilia","Unclassified Thermoleophilia","Unclassified Thermoleophilia","Unclassified Thermoleophilia","Unclassified Thermoleophilia","megahit_1053022"
"megahit_317371","Bacteria","Verrucomicrobia","Unclassified Verrucomicrobia","Unclassified Verrucomicrobia","Unclassified Verrucomicrobia","Unclassified Verrucomicrobia","Unclassified Verrucomicrobia","megahit_317371"
