"","D734Y","D621NM","G541NB","G541N","G624YB","G624YM","G541NM","D621N","D621NB","D734YB","D734YM","G624Y"
"Acidobacteria bacterium",243,6,8,4,2,22,0,43,12,80,98,5
"Actinobacteria bacterium",11742,4596,19828,61160,11773,15511,6959,11581,14171,1546,2587,12476
"Aeromicrobium sp.",0,0,6,0,165,287,0,0,2,0,0,11
"Armatimonadetes bacterium",742,64,0,2,6,4,0,122,80,155,110,4
"Arthrobacter nitrophenolicus",4,22,34,10,126,96,18,4,31,40,2,4
"Arthrobacter sp.",0,0,10,4,44,20,0,0,1,0,0,2
"Bacteroidetes bacterium",0,12,104,0,28,24,31,0,11,0,18,0
"Betaproteobacteria bacterium",140,4,0,2,0,0,0,37,0,14,8,0
"Blastocatellia bacterium",10,0,2,14,6,8,0,6,0,0,0,18
"Bradyrhizobium icense",0,0,156,2,98,76,70,0,0,0,10,0
"Burkholderia sp.",22,1119,4388,12,3432,3962,3081,8,811,222,1770,8
"Candidatus Rokubacteria bacterium",2117,42,24,24,26,18,10,108,24,391,855,16
"Chloroflexi bacterium",1086,159,2,14,0,0,2,482,343,183,55,4
"Chryseobacterium sp.",0,0,0,0,0,282,0,0,0,0,0,0
"Chthoniobacterales bacterium",18,0,0,128,34,12,18,4,0,0,0,278
"Corynebacterium durum",0,0,26,0,14,14,131,2,4,4,281,0
"Cutibacterium acnes",54,558,4192,23,1867,1027,3761,14,543,440,5436,16
"Cutibacterium granulosum",62,1094,4336,26,3076,1478,9415,30,1034,530,9814,20
"Elliptochloris bilobata",0,0,65,200,26,22,0,0,0,0,0,215
"Gammaproteobacteria bacterium",38,2,0,0,0,0,0,6,0,0,0,0
"Gemmatimonadales bacterium",1809,189,36,46,58,36,10,835,215,316,96,61
"Kineosporiaceae bacterium",284,0,0,0,0,0,2,0,0,84,12,0
"Lactuca sativa",0,7,45,0,20,4,174,0,0,0,18,0
"Lawsonella clevelandensis",1087,7558,35364,198,25106,11351,81036,157,7670,6771,68781,168
"Massilia sp.",0,0,0,0,0,0,0,0,336,0,0,0
"Microbacterium foliorum",0,15,0,0,0,0,0,4,22,0,0,0
"Microbacterium sp.",0,342,16,0,0,2,0,12,1559,0,0,0
"Micromonospora sp.",0,4,0,0,0,0,0,14,92,0,0,0
"Moraxella osloensis",0,10,14,0,30,10,32,0,2,16,10,0
"Nitrosopumilales archaeon",3491,286,28,24,284,372,16,596,372,302,528,155
"Nocardioidaceae bacterium",75,2,0,0,0,0,0,10,13,0,6,0
"Nocardioides alpinus",0,14,0,0,0,0,0,0,26,0,0,0
"Nocardioides currus",10,18,529,12,6,4,136,0,40,10,28,0
"Nocardioides glacieisoli",0,0,0,0,56,32,0,0,0,0,0,0
"Nocardioides soli",0,0,156,8,2,8,46,0,0,0,2,8
"Nocardioides sp.",108,1044,478,6,136,98,111,40,1757,145,96,12
"Nostoc sp.",0,0,0,0,0,0,0,0,0,0,0,80
"Noviherbaspirillum sp.",0,0,218,0,50,92,92,0,0,0,6,0
"Oxalobacteraceae bacterium",0,0,1289,10,855,716,642,2,2,0,32,4
"Pelomonas saccharophila",0,2,14,0,10,6,4,0,2,36,6,0
"Plasmodium ovale",0,12,65,0,61,38,86,0,8,24,258,0
"Propionibacterium sp.",2,24,86,0,64,38,104,0,22,8,196,4
"Rhodococcus erythropolis",0,10,49,4,670,627,26,0,10,0,4,14
"Rhodococcus fascians",0,0,0,0,126,66,0,0,2,0,0,2
"Rhodococcus qingshengii",0,0,0,0,744,494,4,2,10,12,2,20
"Rhodococcus sp.",0,0,10,0,606,536,6,0,9,0,0,6
"Spartobacteria bacterium",28,0,65,146,34,30,24,0,0,0,0,270
"Staphylococcus epidermidis",90,1495,5371,48,3438,1249,9400,30,1260,569,11768,24
"Streptococcus sp.",0,2,0,0,18,0,22,0,0,0,4,0
"Tanacetum cinerariifolium",4,13,66,6,44,16,292,0,10,0,192,0
"Thaumarchaeota archaeon",0,0,16,0,112,177,18,0,0,0,2,52
"Thermoanaerobaculia bacterium",2242,206,4,6,26,30,10,278,201,124,198,16
"Thermoleophilaceae bacterium",50,30,0,0,0,0,0,56,76,14,10,0
"Thermoleophilia bacterium",0,0,18,45,0,0,2,0,0,0,4,4
"Unclassified Acidobacteria",79534,17187,46900,685,34088,42505,33004,21439,17104,11545,20698,608
"Unclassified Acidovorax",208,5705,23216,24,16347,19688,14677,45,5262,1619,7202,32
"Unclassified Acinetobacter",4,26,203,0,208,96,104,4,42,156,150,0
"Unclassified Actinobacteria",401825,132809,75535,334987,138748,249004,36937,93602,213530,80907,59502,171230
"Unclassified Actinomadura",0,0,4,0,46,66,0,0,0,0,0,6
"Unclassified Actinomyces",4,14,20,4,40,10,327,0,7,54,516,0
"Unclassified Alicycliphilus",0,0,347,10,215,152,206,0,0,0,14,0
"Unclassified Alphaproteobacteria",205,4,22,78,14,7,6,9,80,8,46,73
"Unclassified Anaerolineae",48,2,0,0,0,0,0,3,6,42,2,0
"Unclassified Archaea",33,2,80,85,1046,1723,36,16,7,0,4,474
"Unclassified Armatimonadetes",1739,104,0,4,62,56,8,194,126,412,188,28
"Unclassified Aromatoleum",0,12,46,0,16,58,48,2,12,0,12,0
"Unclassified Arthrobacter",29,67,87,19,152,145,24,38,187,58,56,22
"Unclassified Ascomycota",0,0,60,50,2,16,14,0,2,0,0,487
"Unclassified Asteraceae",0,20,105,0,63,25,525,0,7,10,32,0
"Unclassified Bacillales",8,210,916,0,546,286,1180,2,252,110,2997,8
"Unclassified Bacilli",20,403,1838,16,1107,361,2598,4,400,156,3475,8
"Unclassified Bacteria",212071,92995,89690,251588,80983,109299,73127,77413,127780,41687,104312,35739
"Unclassified Bacteroidetes",146,2126,10391,38,6945,7815,5907,14,2240,781,3106,126
"Unclassified Bacteroidia",4,26,83,0,58,68,61,0,20,18,38,0
"Unclassified Betaproteobacteria",772,12,12418,46,2255,783,451,47,6,118,296,10
"Unclassified Blastocatellia",145204,11937,346,565,266,612,92,56633,12388,15705,4138,311
"Unclassified Blastococcus",0,45,0,0,0,0,2,2,62,0,0,0
"Unclassified Bradyrhizobium",12,0,13,34,20,10,20,4,0,0,4,42
"Unclassified Burkholderiaceae",2053,66347,251197,531,197362,227369,180919,661,55675,14283,94177,615
"Unclassified Burkholderiales",165,4886,58749,280,17450,20497,15525,66,4520,1587,7170,131
"Unclassified Candidatus Rokubacteria",6076,122,22,41,22,66,28,225,96,1110,2088,24
"Unclassified Candidatus Saccharibacteria",728,44405,60,6,34,207,14,682,66118,7409,1184,0
"Unclassified Chaetothyriales",0,2,192,115,18,48,14,2,0,0,4,426
"Unclassified Chitinophaga",0,6,20,0,38,33,8,0,2,0,2,0
"Unclassified Chitinophagaceae",0,28,190,6,80,103,68,0,26,0,22,10
"Unclassified Chitinophagales",0,24,132,0,52,92,44,0,10,80,32,0
"Unclassified Chitinophagia",0,2,12,0,26,8,2,0,12,0,6,0
"Unclassified Chloroflexi",240735,37664,4885,23725,35219,105377,4431,169627,70502,25659,21556,46932
"Unclassified Chloroflexia",66,2,44,62,36,14,20,17,0,22,10,70
"Unclassified Chlorophyta",4,0,22,58,6,16,20,0,0,0,6,128
"Unclassified Chordata",18,76,268,10,291,168,532,6,48,67,1296,2
"Unclassified Chryseobacterium",0,0,2,0,8,32,8,0,4,0,16,0
"Unclassified Chthoniobacterales",128,2,116,975,226,148,114,24,6,0,6,1830
"Unclassified Corynebacteriaceae",2,20,122,2,56,53,203,0,14,0,178,2
"Unclassified Corynebacteriales",6,0,54,36,928,679,22,0,0,0,0,10
"Unclassified Corynebacterium",14,160,664,6,460,209,1295,0,203,205,1623,6
"Unclassified Cryobacterium",32,0,0,0,0,0,0,0,0,28,4,0
"Unclassified Cutibacterium",22,378,2094,14,1280,604,3759,10,346,102,3601,4
"Unclassified Cyanobacteria",2,0,0,8,24,48,4,0,0,0,0,131
"Unclassified Cytophagales",0,4,22,0,12,20,2,0,3,0,6,0
"Unclassified Dehalococcoidia",2709,1382,0,2,0,12,4,1045,1025,516,1169,0
"Unclassified Duganella",0,0,153,0,62,224,120,0,0,0,0,0
"Unclassified Elliptochloris",0,0,6,56,6,6,0,0,0,0,0,63
"Unclassified Enterobacterales",0,0,170,0,12,2,4,0,0,0,0,0
"Unclassified Erythrobacteraceae",0,0,8,0,34,84,4,0,0,0,0,8
"Unclassified Eukaryota",0,0,0,0,0,0,0,0,0,0,0,80
"Unclassified Filimonas",0,17,6,0,5,22,16,0,3,26,14,0
"Unclassified Firmicutes",2327,98,44,6,54,52,12,186,174,752,260,0
"Unclassified Flavobacteriales",0,2,50,0,61,38,18,0,16,0,14,0
"Unclassified Flavobacteriia",0,6,28,0,52,29,12,0,16,36,8,0
"Unclassified Gammaproteobacteria",84,174,2762,42,1372,478,1705,22,63,42,569,10
"Unclassified Gemmatimonadales",79846,8727,644,2363,1731,1343,294,43390,11725,11773,5211,2936
"Unclassified Gemmatimonadetes",5284,523,74,192,132,102,46,2524,558,913,308,195
"Unclassified Geodermatophilaceae",66,110,0,0,0,2,0,21,184,52,22,0
"Unclassified Gordoniaceae",0,0,4,0,40,44,0,0,0,0,0,0
"Unclassified Granulicella",0,0,0,4,2,0,10,0,0,0,0,22
"Unclassified Herbaspirillum",0,0,479,2,220,188,344,0,0,0,8,0
"Unclassified Hymenobacter",0,0,298,2,0,0,0,0,0,0,0,0
"Unclassified Hymenobacteraceae",0,2,38,0,18,18,14,0,6,0,12,0
"Unclassified Intrasporangiaceae",0,6,59,6,169,103,26,2,16,0,8,26
"Unclassified Janthinobacterium",21,150,894,20,481,426,1095,19,61,366,39,68
"Unclassified Jiangella",174,0,0,0,0,0,0,34,6,58,8,0
"Unclassified Kineosporiaceae",112,0,0,2,0,0,0,0,0,52,10,0
"Unclassified Lactuca",0,50,173,0,86,42,703,0,2,0,46,0
"Unclassified Leptolyngbya",0,0,0,0,22,674,0,0,0,0,0,0
"Unclassified Marmoricola",16896,16,102,36,406,464,68,60,76,6577,4538,134
"Unclassified Massilia",605,333,40438,1007,5452,2616,3297,229,236352,272,1041,734
"Unclassified Methylococcales",86,2,0,0,0,0,0,8,2,0,6,0
"Unclassified Microbacteriaceae",0,372,26,0,20,14,10,24,1546,0,6,2
"Unclassified Microbacterium",56,17425,226,85,247,226,236,880,55379,162,214,118
"Unclassified Micrococcaceae",0,34,10,0,38,78,0,14,113,0,6,26
"Unclassified Micrococcales",67,178,78,8,282,279,14,6,602,0,16,22
"Unclassified Mikania",0,14,56,0,46,22,295,0,2,0,24,0
"Unclassified Moraxellaceae",0,0,48,0,6,6,14,0,0,0,0,0
"Unclassified Mycobacteriaceae",48,4,24,4,438,895,12,0,4,14,2,20
"Unclassified Mycolicibacterium",0,0,6,0,162,80,0,0,0,0,0,0
"Unclassified Myxococcaceae",0,6,12,0,12,8,8,0,6,0,6,0
"Unclassified Nitrosopumilales",4,0,14,4,152,227,8,0,0,0,4,104
"Unclassified Nitrosopumilus",32,0,4,6,104,176,8,10,8,0,2,42
"Unclassified Nitrososphaeraceae",10,6,2,46,154,282,6,0,0,0,4,72
"Unclassified Nitrososphaerales",0,0,2,0,107,226,0,1,0,0,0,30
"Unclassified Nitrososphaeria",6,4,6,12,88,192,8,0,6,0,0,77
"Unclassified Nitrosospira",120,2,0,0,0,0,0,0,0,16,56,2
"Unclassified Nitrospirae",70,2,0,0,0,0,0,10,6,0,6,0
"Unclassified Nocardiaceae",4,2,4,8,983,770,10,2,8,0,2,30
"Unclassified Nocardioidaceae",117189,10977,13352,718,3567,4021,4593,843,15679,47144,34356,1430
"Unclassified Nocardioides",33784,1019531,149616,3179,22112,32931,46652,34145,1395900,192497,71079,1694
"Unclassified Nostoc",0,0,0,2,16,2,2,0,0,6,0,622
"Unclassified Nostocaceae",2,0,0,0,3,0,2,0,0,0,0,104
"Unclassified Nostocales",0,0,4,38,44,240,10,2,0,0,0,641
"Unclassified Oligoflexia",0,64,87,0,68,125,65,0,24,0,52,0
"Unclassified Oxalobacteraceae",143,36,428458,2111,3949,4370,11353,66,12320,25,2270,368
"Unclassified Phycicoccus",0,0,33,4,182,98,12,0,2,0,0,6
"Unclassified Planctomycetes",174,0,0,0,0,0,0,2,0,18,40,0
"Unclassified Propionibacteriaceae",3355,53480,287613,1247,158948,75137,403024,935,40037,28574,449680,1013
"Unclassified Propionibacteriales",445,8759,3007,60,192,270,984,287,14069,1219,529,26
"Unclassified Proteobacteria",1127,20503,83062,367,58906,70573,52934,268,18394,4810,25761,709
"Unclassified Pseudomonas",1755,45293,197015,817,137226,162013,133065,666,39436,16670,66875,572
"Unclassified Pseudonocardiales",0,0,0,0,34,33,0,0,0,0,0,18
"Unclassified Pyrinomonadaceae",0,0,0,0,6,0,0,0,0,0,0,32
"Unclassified Ralstonia",16754,531043,2011040,4032,1450074,1763569,1308521,5574,468018,127981,681369,4368
"Unclassified Rhizobiales",154,8,22,72,8,346,6,32,4,2,16,0
"Unclassified Rhodococcus",191,1990,7618,110,103762,83844,5196,83,2873,496,2664,2682
"Unclassified Rubrobacter",151,0,0,0,0,0,0,15,0,4,4,4
"Unclassified Rubrobacteraceae",105,0,0,0,0,0,4,28,0,62,2,0
"Unclassified Saprospiraceae",0,4,25,0,20,40,12,0,4,0,2,0
"Unclassified Solirubrobacterales",55,6,0,2,0,0,2,16,25,42,6,0
"Unclassified Spartobacteria",18,2,44,384,87,54,56,2,2,0,0,664
"Unclassified Sphingobacteriaceae",0,4,14,0,42,14,34,0,0,0,12,0
"Unclassified Sphingobacteriales",0,0,32,0,26,16,30,0,4,0,18,0
"Unclassified Sphingobacteriia",2,24,40,0,72,90,48,0,9,5,26,0
"Unclassified Sphingomonas",0,0,10,10,80,162,10,0,0,0,0,20
"Unclassified Sporichthyaceae",169,26,0,4,0,0,2,64,53,21,10,0
"Unclassified Staphylococcus",231,3302,11991,46,8604,3170,22658,49,2177,1433,28856,62
"Unclassified Streptococcus",0,4,54,0,569,28,186,0,2,10,212,0
"Unclassified Streptomyces",244,60,4,0,14,95,0,62,58,40,38,2
"Unclassified Streptomycetales",54,0,0,0,0,0,0,0,2,28,6,0
"Unclassified Thaumarchaeota",3930,370,1570,713,26584,38730,1283,708,438,456,703,13359
"Unclassified Thermoanaerobaculia",15507,1119,6,42,38,28,4,1817,1160,1198,968,16
"Unclassified Thermoleophilaceae",6838,524,43,172,144,265,24,1531,1351,1070,1004,184
"Unclassified Thermoleophilales",931,80,6,12,10,12,10,168,162,176,112,14
"Unclassified Thermoleophilia",786,68,12,46,18,62,2,173,158,168,102,31
"Unclassified Thermus",50,0,0,0,0,0,0,8,2,30,8,0
"Unclassified Trebouxiales",0,0,1144,32,0,0,0,0,0,0,0,0
"Unclassified Trebouxiophyceae",0,0,67,147,6,16,16,0,2,0,10,275
"Unclassified Trueperales",86,6,4,2,0,0,0,6,4,64,6,0
"Unclassified Veillonella",0,4,8,0,26,0,46,0,2,0,22,0
"Unclassified Verrucomicrobia",7423,131,2201,25933,5090,3700,3066,1236,168,98,148,48263
"Unclassified Verrucomicrobiales",0,0,0,55,12,16,16,0,0,0,0,150
"Unclassified Vitaceae",0,6,62,0,8,6,32,2,0,14,418,0
"Unclassified Weeksellaceae",0,8,0,0,10,22,16,0,8,0,2,0
"Unclassified Xanthobacter",0,0,164,0,30,38,146,0,0,0,0,0
"Verrucomicrobia bacterium",615,10,144,1540,308,196,248,117,10,4,22,2518
